BUS_I,BUS_TYPE,PD,QD,GS,BS,BUS_AREA,VM,VA,BASE_KV,ZONE,VMAX,VMIN,LAM_P,LAM_Q,MU_VMAX,MU_VMIN
1,3,0,0,0,0,1,1.05,0,230,1,1.05,1.05,12.4921615,4.44229847e-07,2299.57637,0
2,2,0,0,0,0,1,1.05,-1.98487069,230,1,1.05,1.05,11.564585,1.79164722e-06,0,2271.85813
3,2,0,0,0,0,1,1.07,-2.23701039,230,1,1.07,1.07,11.8766293,5.60668706e-06,343.688884,0
4,1,70,70,0,0,1,0.988199348,-3.06895918,230,1,1.05,0.95,15.6741049,4.34510164,0,0
5,1,70,70,0,0,1,0.985065958,-3.91966963,230,1,1.05,0.95,12.938891,1.16913027,0,0
6,1,70,70,0,0,1,1.00461661,-4.1182295,230,1,1.05,0.95,12.2061617,0.423154598,0,0
