BUS_I,BUS_TYPE,PD,QD,GS,BS,BUS_AREA,VM,VA,BASE_KV,ZONE,VMAX,VMIN
1,3,0,0,0,0,1,1.05,0,230,1,1.05,1.05
2,2,0,0,0,0,1,1.05,-3.67115737,230,1,1.05,1.05
3,2,0,0,0,0,1,1.07,-4.27326747,230,1,1.07,1.07
4,1,70,70,0,0,1,0.989372869,-4.19582164,230,1,1.05,0.95
5,1,70,70,0,0,1,0.985444835,-5.27638828,230,1,1.05,0.95
6,1,70,70,0,0,1,1.00442527,-5.94745402,230,1,1.05,0.95
