BUS_I,BUS_TYPE,PD,QD,GS,BS,BUS_AREA,VM,VA,BASE_KV,ZONE,VMAX,VMIN,LAM_P,LAM_Q,MU_VMAX,MU_VMIN
1,3,0,0,0,0,1,1,0,230,1,1.05,1.05,11.898949,0,0,0
2,2,0,0,0,0,1,1,-0.298956273,230,1,1.05,1.05,11.898949,0,0,0
3,2,0,0,0,0,1,1,-0.277939121,230,1,1.07,1.07,11.898949,0,0,0
4,1,70,70,0,0,1,1,-2.98642069,230,1,1.05,0.95,11.898949,0,0,0
5,1,70,70,0,0,1,1,-3.66630149,230,1,1.05,0.95,11.898949,0,0,0
6,1,70,70,0,0,1,1,-3.08739399,230,1,1.05,0.95,11.898949,0,0,0
