BUS_I,BUS_TYPE,PD,QD,GS,BS,BUS_AREA,VM,VA,BASE_KV,ZONE,VMAX,VMIN
1,3,0,0,0,0,1,1,0,230,1,1.05,1.05
2,2,0,0,0,0,1,1,-2.90241625,230,1,1.05,1.05
3,2,0,0,0,0,1,1,-3.16794055,230,1,1.07,1.07
4,1,70,70,0,0,1,1,-4.7632462,230,1,1.05,0.95
5,1,70,70,0,0,1,1,-5.69024018,230,1,1.05,0.95
6,1,70,70,0,0,1,1,-5.7417818,230,1,1.05,0.95
