GEN_BUS,PG,QG,QMAX,QMIN,VG,MBASE,GEN_STATUS,PMAX,PMIN,PC1,PC2,QC1MIN,QC1MAX,QC2MIN,QC2MAX,RAMP_AGC,RAMP_10,RAMP_30,RAMP_Q,APF,MU_PMAX,MU_PMIN,MU_QMAX,MU_QMIN
1,77.2198674,25.7150437,100,-100,1.05,100,1,200,50,0,0,0,0,0,0,0,0,0,0,0,0,0,0,0
2,69.2680862,64.6499757,100,-100,1.05,100,1,150,37.5,0,0,0,0,0,0,0,0,0,0,0,0,0,0,0
3,70.4204922,86.6441348,100,-100,1.07,100,1,180,45,0,0,0,0,0,0,0,0,0,0,0,0,0,0,0
