GEN_BUS,PG,QG,QMAX,QMIN,VG,MBASE,GEN_STATUS,PMAX,PMIN,PC1,PC2,QC1MIN,QC1MAX,QC2MIN,QC2MAX,RAMP_AGC,RAMP_10,RAMP_30,RAMP_Q,APF
1,107.875497,15.9562063,100,-100,1.05,100,1,200,50,0,0,0,0,0,0,0,0,0,0,0
2,50,74.3564751,100,-100,1.05,100,1,150,37.5,0,0,0,0,0,0,0,0,0,0,0
3,60,89.6267745,100,-100,1.07,100,1,180,45,0,0,0,0,0,0,0,0,0,0,0
