MODEL,STARTUP,SHUTDOWN,NCOST,C2,C1,C0
2,0,0,3,0.00533,11.669,213.1
2,0,0,3,0.00889,10.333,200
2,0,0,3,0.00741,10.833,240
